location_id,timestamp,temperature_c,humidity,weather_condition
1,2024-02-04T17:03:47Z,38.71,93.65,Cloudy
4,2024-02-14T19:42:18Z,12.4,36.32,Cloudy
1,2024-02-10T17:31:53Z,8.32,93.41,Sunny
6,2024-02-09T00:53:00Z,-3.64,52.21,Sunny
6,2024-02-01T03:56:41Z,36.26,88.77,Snowy
2,2024-02-20T03:07:48Z,6.8,78.88,Rainy
3,2024-02-22T12:57:40Z,23.21,52.13,Rainy
5,2024-02-26T09:17:28Z,-5.76,23.25,Sunny
1,2024-02-21T23:27:47Z,36.78,48.5,Sunny
7,2024-02-04T10:32:56Z,34.61,85.77,Rainy
4,2024-02-05T18:18:55Z,-4.69,90.19,Snowy
7,2024-02-08T03:56:27Z,15.66,56.04,Rainy
1,2024-02-04T23:10:00Z,21.92,95.77,Rainy
1,2024-02-17T11:16:03Z,31.19,50.82,Snowy
2,2024-02-07T15:24:30Z,-3.89,2.05,Rainy
3,2024-02-18T16:37:17Z,18.68,68.92,Snowy
5,2024-02-01T16:50:41Z,6.76,13.46,Sunny
4,2024-02-08T17:44:44Z,23.44,77.93,Snowy
2,2024-02-09T16:36:14Z,20.92,87.04,Rainy
2,2024-02-25T07:41:20Z,-0.74,59.52,Sunny
4,2024-02-24T09:40:45Z,33.0,88.55,Snowy
4,2024-02-03T03:54:19Z,-9.65,37.34,Cloudy
5,2024-02-19T01:51:00Z,38.13,35.56,Snowy
1,2024-02-16T09:10:38Z,28.75,97.03,Rainy
2,2024-02-04T22:06:50Z,-7.56,52.14,Snowy
5,2024-02-21T09:58:30Z,16.62,48.91,Cloudy
2,2024-02-11T03:47:32Z,4.84,56.39,Sunny
6,2024-02-18T04:57:00Z,25.55,36.71,Snowy
5,2024-02-27T18:46:24Z,0.13,29.56,Rainy
8,2024-02-18T20:15:39Z,18.37,74.82,Snowy
1,2024-02-12T22:07:00Z,39.06,33.12,Sunny
2,2024-02-10T03:32:28Z,20.73,4.03,Sunny
5,2024-02-26T18:15:37Z,35.93,59.67,Cloudy
8,2024-02-01T07:37:54Z,-8.36,21.24,Snowy
1,2024-02-22T18:39:04Z,20.2,26.24,Snowy
3,2024-02-10T09:21:07Z,-3.27,59.63,Sunny
3,2024-02-25T15:23:22Z,3.11,92.61,Sunny
8,2024-02-09T10:37:09Z,37.82,7.56,Snowy
8,2024-02-08T18:18:17Z,-7.78,2.39,Snowy
1,2024-02-01T03:50:27Z,16.05,21.24,Sunny
6,2024-02-07T22:02:10Z,25.25,68.42,Sunny
7,2024-02-07T13:52:40Z,17.2,17.44,Rainy
3,2024-02-16T14:39:15Z,-5.52,45.13,Snowy
7,2024-02-19T00:06:41Z,-5.16,88.53,Snowy
5,2024-02-28T08:20:14Z,39.22,10.16,Cloudy
6,2024-02-02T03:27:24Z,28.19,82.88,Snowy
1,2024-02-05T00:20:52Z,-6.82,47.17,Sunny
7,2024-02-08T04:46:02Z,32.6,68.78,Cloudy
2,2024-02-25T01:34:50Z,-5.49,69.42,Sunny
7,2024-02-03T19:29:42Z,22.41,75.62,Cloudy
5,2024-02-23T21:59:54Z,-5.22,5.16,Rainy
1,2024-02-06T12:08:50Z,29.57,23.78,Sunny
2,2024-02-22T19:17:14Z,2.07,94.28,Snowy
1,2024-02-10T12:01:27Z,14.7,12.33,Cloudy
6,2024-02-14T19:08:15Z,6.03,54.51,Snowy
4,2024-02-21T13:52:36Z,22.54,80.78,Rainy
7,2024-02-21T22:28:55Z,21.52,65.95,Rainy
3,2024-02-07T15:34:05Z,25.9,11.82,Sunny
8,2024-02-20T15:14:48Z,34.11,13.73,Sunny
6,2024-02-25T02:07:23Z,15.74,42.31,Cloudy
7,2024-02-11T05:05:46Z,13.23,77.94,Snowy
7,2024-02-10T18:25:21Z,26.6,37.31,Sunny
7,2024-02-22T14:52:47Z,22.0,77.02,Snowy
4,2024-02-26T02:29:58Z,-4.11,32.62,Cloudy
2,2024-02-11T05:38:48Z,17.21,66.05,Cloudy
1,2024-02-21T16:35:46Z,5.31,37.67,Rainy
5,2024-02-20T14:43:08Z,-0.58,24.07,Sunny
3,2024-02-26T08:29:20Z,36.44,51.58,Cloudy
2,2024-02-26T20:01:17Z,16.08,7.09,Cloudy
5,2024-02-15T13:27:08Z,24.35,30.98,Snowy
8,2024-02-12T16:36:32Z,-5.02,63.97,Rainy
1,2024-02-13T16:01:11Z,-5.85,29.69,Rainy
3,2024-02-16T00:32:31Z,26.77,32.33,Snowy
1,2024-02-25T02:35:26Z,-7.84,90.68,Sunny
4,2024-02-17T16:00:21Z,34.73,56.16,Snowy
6,2024-02-21T14:52:41Z,-4.76,4.61,Cloudy
7,2024-02-08T20:14:24Z,5.19,51.46,Rainy
6,2024-02-07T16:31:43Z,13.51,58.64,Cloudy
1,2024-02-15T10:06:57Z,10.92,76.09,Sunny
1,2024-02-18T00:46:55Z,25.06,37.28,Rainy
3,2024-02-28T20:54:46Z,23.85,99.04,Cloudy
8,2024-02-26T00:57:35Z,20.7,99.25,Rainy
1,2024-02-20T12:50:00Z,23.31,50.09,Cloudy
4,2024-02-08T09:25:45Z,-8.89,44.83,Cloudy
8,2024-02-20T09:10:33Z,25.92,57.38,Cloudy
1,2024-02-10T13:51:47Z,32.3,72.91,Snowy
4,2024-02-16T16:39:38Z,5.13,83.39,Sunny
8,2024-02-13T04:47:59Z,5.19,97.83,Cloudy
6,2024-02-10T19:31:59Z,19.46,50.39,Cloudy
6,2024-02-17T00:08:23Z,0.07,90.31,Snowy
5,2024-02-15T22:58:34Z,8.75,97.72,Sunny
4,2024-02-13T06:03:16Z,25.34,38.4,Snowy
1,2024-02-10T18:25:16Z,16.6,74.88,Rainy
2,2024-02-24T17:24:34Z,26.67,68.49,Rainy
6,2024-02-01T13:31:53Z,33.36,10.73,Snowy
1,2024-02-06T02:01:52Z,16.3,7.93,Cloudy
3,2024-02-14T12:55:21Z,33.13,11.4,Snowy
4,2024-02-24T06:34:52Z,-3.5,19.37,Snowy
3,2024-02-02T18:42:57Z,18.49,97.49,Snowy
6,2024-02-16T10:52:52Z,29.86,77.34,Sunny
2,2024-02-12T07:48:19Z,-5.08,37.75,Rainy
8,2024-02-25T17:09:31Z,24.54,89.58,Rainy
4,2024-02-09T11:01:28Z,31.31,34.5,Sunny
3,2024-02-15T23:13:32Z,6.49,3.2,Cloudy
4,2024-02-24T20:36:35Z,4.45,13.81,Sunny
6,2024-02-04T13:10:19Z,4.9,78.31,Snowy
7,2024-02-16T18:29:16Z,10.75,51.62,Rainy
8,2024-02-16T12:32:51Z,12.18,72.95,Sunny
7,2024-02-22T20:12:02Z,-0.28,79.44,Snowy
7,2024-02-28T22:59:59Z,15.98,83.16,Snowy
1,2024-02-14T01:16:34Z,-3.88,8.39,Cloudy
3,2024-02-05T19:37:37Z,12.37,40.19,Sunny
5,2024-02-26T01:02:13Z,32.05,68.12,Cloudy
1,2024-02-22T11:42:24Z,25.98,9.17,Sunny
5,2024-02-18T20:06:30Z,14.78,75.66,Cloudy
7,2024-02-20T16:57:38Z,22.53,11.7,Snowy
4,2024-02-17T11:33:51Z,26.34,87.17,Snowy
6,2024-02-11T12:16:45Z,27.76,59.26,Rainy
8,2024-02-18T03:03:52Z,29.73,45.52,Snowy
7,2024-02-10T04:48:47Z,2.61,67.97,Cloudy
4,2024-02-08T19:23:38Z,-6.77,3.81,Sunny
5,2024-02-25T02:55:37Z,34.5,99.0,Sunny
2,2024-02-17T03:37:11Z,-7.48,71.93,Cloudy
8,2024-02-08T15:52:28Z,-3.91,80.85,Sunny
8,2024-02-21T22:45:44Z,-7.59,1.75,Sunny
8,2024-02-14T01:42:39Z,28.7,38.86,Snowy
4,2024-02-05T12:25:59Z,28.97,70.19,Sunny
3,2024-02-04T19:30:32Z,-3.8,7.72,Rainy
5,2024-02-16T20:43:00Z,30.62,20.33,Snowy
3,2024-02-15T11:57:14Z,-5.39,18.67,Sunny
8,2024-02-23T09:48:38Z,25.05,27.95,Snowy
6,2024-02-24T16:02:06Z,-4.08,18.45,Sunny
5,2024-02-22T16:59:48Z,36.4,13.97,Rainy
4,2024-02-17T11:29:05Z,18.24,68.78,Cloudy
1,2024-02-01T10:47:19Z,-4.2,12.44,Rainy
6,2024-02-15T18:31:40Z,19.31,21.49,Cloudy
1,2024-02-28T03:57:27Z,29.9,39.77,Cloudy
8,2024-02-05T00:40:10Z,11.33,5.23,Snowy
7,2024-02-12T10:43:26Z,-3.98,10.16,Snowy
1,2024-02-06T20:28:54Z,-4.52,43.17,Sunny
8,2024-02-21T08:26:18Z,-1.28,36.21,Rainy
5,2024-02-06T21:23:59Z,35.77,10.9,Rainy
5,2024-02-09T08:18:28Z,7.03,23.47,Sunny
7,2024-02-24T18:08:21Z,0.06,19.64,Rainy
8,2024-02-18T14:09:17Z,-3.89,9.23,Rainy
8,2024-02-21T15:29:08Z,35.75,69.48,Cloudy
1,2024-02-28T23:50:51Z,16.06,65.54,Cloudy
6,2024-02-03T17:22:52Z,22.8,10.03,Cloudy
8,2024-02-09T11:32:00Z,10.62,0.26,Cloudy
2,2024-02-21T08:19:17Z,22.87,48.29,Snowy
3,2024-02-06T17:32:08Z,24.27,22.63,Sunny
6,2024-02-18T06:40:54Z,7.94,36.81,Cloudy
4,2024-02-16T09:04:07Z,2.14,54.99,Rainy
1,2024-02-27T20:04:08Z,22.05,37.84,Cloudy
1,2024-02-24T01:57:58Z,27.16,99.01,Cloudy
5,2024-02-21T08:28:49Z,-3.41,68.62,Sunny
6,2024-02-17T18:12:40Z,36.78,4.89,Rainy
3,2024-02-18T05:28:42Z,35.93,80.85,Cloudy
8,2024-02-12T04:38:05Z,11.37,6.74,Sunny
5,2024-02-27T10:17:31Z,-2.21,10.5,Rainy
7,2024-02-01T01:12:40Z,30.57,95.98,Snowy
7,2024-02-28T22:34:49Z,15.95,79.78,Sunny
3,2024-02-05T11:05:17Z,-2.4,79.83,Sunny
6,2024-02-20T23:28:53Z,8.0,85.89,Rainy
2,2024-02-25T01:22:38Z,2.56,97.01,Rainy
8,2024-02-26T07:23:34Z,12.06,33.99,Cloudy
8,2024-02-11T09:55:25Z,-5.06,33.04,Snowy
3,2024-02-18T18:23:49Z,31.06,96.34,Snowy
8,2024-02-01T13:02:11Z,20.23,47.11,Sunny
8,2024-02-10T04:42:28Z,-0.38,95.2,Snowy
7,2024-02-25T19:06:17Z,15.73,42.96,Snowy
1,2024-02-18T01:34:55Z,23.57,77.42,Snowy
8,2024-02-19T17:32:06Z,-1.39,2.15,Snowy
1,2024-02-12T02:49:12Z,-9.49,25.22,Sunny
7,2024-02-22T16:00:53Z,39.01,45.98,Rainy
1,2024-02-28T07:41:51Z,36.05,26.71,Snowy
8,2024-02-02T08:25:27Z,16.29,19.56,Snowy
1,2024-02-12T18:10:48Z,39.82,15.86,Cloudy
8,2024-02-03T05:36:30Z,35.91,46.04,Cloudy
3,2024-02-21T01:50:48Z,-1.48,51.2,Cloudy
6,2024-02-20T21:02:29Z,38.58,58.87,Sunny
4,2024-02-13T22:28:23Z,10.64,16.33,Rainy
2,2024-02-12T14:02:32Z,28.31,43.07,Cloudy
5,2024-02-22T02:23:35Z,33.7,80.57,Sunny
8,2024-02-24T05:04:00Z,14.8,95.98,Snowy
5,2024-02-11T18:48:00Z,18.08,69.47,Sunny
5,2024-02-21T13:35:06Z,15.13,33.44,Rainy
1,2024-02-10T11:16:18Z,6.24,43.06,Snowy
6,2024-02-19T03:54:04Z,14.84,78.41,Sunny
3,2024-02-28T16:37:43Z,21.54,29.65,Snowy
1,2024-02-15T23:52:57Z,9.86,7.1,Cloudy
8,2024-02-02T05:14:31Z,0.01,31.3,Sunny
4,2024-02-11T19:16:12Z,-7.58,0.98,Rainy
8,2024-02-22T04:44:17Z,13.86,62.18,Cloudy
4,2024-02-25T22:26:48Z,17.6,14.57,Rainy
8,2024-02-15T09:31:35Z,23.56,80.19,Sunny
6,2024-02-18T16:07:49Z,31.51,97.89,Snowy
8,2024-02-06T22:57:53Z,-6.96,70.77,Snowy
8,2024-02-20T03:55:13Z,18.11,36.89,Rainy
7,2024-02-18T00:25:03Z,13.97,65.94,Cloudy
5,2024-02-14T23:45:34Z,14.47,15.37,Rainy
8,2024-02-28T10:55:48Z,7.98,26.82,Rainy
7,2024-02-01T01:41:28Z,17.1,75.13,Sunny
6,2024-02-18T10:01:33Z,32.85,84.23,Snowy
3,2024-02-25T12:46:14Z,26.5,14.76,Snowy
4,2024-02-28T17:15:17Z,7.68,53.88,Rainy
5,2024-02-15T21:10:38Z,14.87,15.72,Snowy
6,2024-02-09T02:01:37Z,37.84,32.3,Snowy
7,2024-02-06T07:40:57Z,15.54,42.61,Sunny
7,2024-02-14T13:56:27Z,23.58,27.25,Sunny
8,2024-02-07T03:43:15Z,8.08,65.71,Rainy
3,2024-02-16T07:09:22Z,16.58,85.84,Rainy
5,2024-02-14T20:32:25Z,-3.45,92.5,Cloudy
1,2024-02-26T13:47:42Z,25.14,36.75,Cloudy
2,2024-02-03T03:52:04Z,39.85,19.55,Snowy
4,2024-02-22T08:17:10Z,-7.64,7.08,Sunny
3,2024-02-20T20:33:59Z,34.2,96.65,Snowy
4,2024-02-18T14:04:23Z,-3.21,3.05,Sunny
8,2024-02-03T02:38:34Z,-0.85,1.85,Rainy
7,2024-02-15T00:26:44Z,3.18,22.87,Snowy
7,2024-02-19T19:17:34Z,-3.99,29.97,Snowy
2,2024-02-10T07:28:24Z,3.86,37.13,Rainy
5,2024-02-21T10:02:01Z,14.35,40.52,Rainy
8,2024-02-28T15:21:26Z,14.61,32.67,Rainy
2,2024-02-08T10:55:43Z,2.32,68.48,Sunny
2,2024-02-25T06:55:02Z,25.97,22.35,Sunny
6,2024-02-07T06:39:47Z,-7.82,61.04,Sunny
2,2024-02-27T08:38:48Z,21.58,79.73,Cloudy
7,2024-02-04T13:59:40Z,-9.58,84.2,Sunny
2,2024-02-12T02:06:00Z,29.97,8.68,Snowy
6,2024-02-16T23:52:55Z,7.58,59.01,Cloudy
6,2024-02-01T14:53:13Z,7.55,4.69,Snowy
2,2024-02-06T04:42:37Z,24.33,20.06,Rainy
7,2024-02-19T11:25:12Z,4.93,71.0,Rainy
5,2024-02-02T07:00:33Z,29.32,11.93,Snowy
3,2024-02-02T01:07:50Z,22.15,35.6,Sunny
6,2024-02-07T05:29:57Z,-9.73,93.11,Rainy
2,2024-02-12T03:49:03Z,5.43,99.14,Rainy
4,2024-02-15T07:06:25Z,1.67,97.86,Snowy
7,2024-02-09T17:28:39Z,18.27,99.97,Sunny
1,2024-02-12T02:19:04Z,10.39,14.46,Cloudy
2,2024-02-23T13:27:55Z,18.58,92.6,Snowy
7,2024-02-18T10:47:30Z,7.38,36.13,Rainy
4,2024-02-19T20:22:13Z,-2.77,89.43,Sunny
7,2024-02-20T12:25:34Z,33.43,71.59,Sunny
8,2024-02-15T22:22:39Z,35.9,77.61,Snowy
1,2024-02-28T13:42:51Z,-4.48,56.82,Sunny
7,2024-02-20T07:34:01Z,15.13,50.23,Sunny
4,2024-02-05T17:29:39Z,6.53,44.94,Sunny
6,2024-02-26T10:54:49Z,30.96,22.02,Snowy
5,2024-02-21T05:15:13Z,15.69,14.49,Cloudy
5,2024-02-13T15:18:29Z,-3.99,29.3,Cloudy
7,2024-02-17T13:42:01Z,6.37,24.73,Cloudy
1,2024-02-16T21:42:29Z,16.99,10.12,Snowy
6,2024-02-09T13:47:03Z,-3.86,2.2,Cloudy
2,2024-02-04T18:23:40Z,2.04,12.6,Sunny
8,2024-02-12T13:59:08Z,18.4,10.63,Snowy
7,2024-02-25T22:51:39Z,1.46,51.88,Snowy
2,2024-02-13T17:07:23Z,7.01,18.42,Cloudy
1,2024-02-01T21:53:26Z,10.05,65.44,Rainy
5,2024-02-20T22:57:38Z,27.9,24.23,Cloudy
8,2024-02-10T16:10:27Z,18.27,7.81,Rainy
3,2024-02-16T15:48:23Z,1.82,37.33,Rainy
6,2024-02-27T05:04:29Z,32.5,98.34,Sunny
2,2024-02-15T11:36:22Z,13.34,4.68,Snowy
8,2024-02-16T19:11:15Z,-5.42,84.17,Rainy
8,2024-02-16T05:19:19Z,-0.74,2.01,Snowy
2,2024-02-14T20:10:16Z,4.61,25.12,Cloudy
4,2024-02-17T05:33:40Z,8.8,69.77,Sunny
8,2024-02-02T14:48:13Z,28.26,45.56,Rainy
1,2024-02-02T20:27:09Z,33.93,25.97,Cloudy
7,2024-02-14T15:03:46Z,-3.65,72.68,Sunny
4,2024-02-05T16:37:55Z,30.49,23.4,Snowy
1,2024-02-04T11:55:25Z,3.92,71.9,Rainy
6,2024-02-21T13:22:51Z,18.53,43.3,Cloudy
7,2024-02-27T03:24:11Z,2.35,56.43,Snowy
2,2024-02-01T07:38:24Z,35.13,19.83,Snowy
5,2024-02-17T06:15:40Z,-0.54,19.03,Sunny
2,2024-02-22T18:54:34Z,2.55,33.17,Rainy
5,2024-02-27T12:46:26Z,28.38,70.83,Snowy
8,2024-02-22T17:06:11Z,27.78,63.87,Snowy
7,2024-02-06T19:44:51Z,29.75,40.05,Sunny
3,2024-02-01T18:24:50Z,13.01,19.89,Cloudy
4,2024-02-04T17:06:50Z,6.52,78.27,Snowy
6,2024-02-22T03:15:29Z,7.95,48.18,Sunny
6,2024-02-14T02:42:45Z,2.81,55.28,Snowy
2,2024-02-15T19:37:53Z,13.89,66.69,Cloudy
5,2024-02-14T16:56:24Z,-1.99,58.06,Cloudy
3,2024-02-12T15:39:54Z,1.58,67.65,Rainy
2,2024-02-13T18:56:06Z,0.14,91.63,Snowy
4,2024-02-15T19:26:56Z,30.14,18.36,Rainy
4,2024-02-21T17:19:16Z,34.05,32.98,Sunny
6,2024-02-04T02:03:53Z,32.24,68.52,Snowy
5,2024-02-26T10:01:06Z,26.21,99.64,Sunny
5,2024-02-02T09:08:47Z,19.93,80.0,Sunny
5,2024-02-17T17:34:33Z,24.12,30.61,Rainy
3,2024-02-07T03:12:56Z,34.63,40.74,Rainy
7,2024-02-10T01:40:39Z,30.42,12.09,Sunny
5,2024-02-19T08:47:26Z,24.87,83.61,Cloudy
4,2024-02-16T11:53:16Z,35.46,56.91,Snowy
8,2024-02-03T08:11:51Z,8.99,44.77,Cloudy
6,2024-02-12T18:01:09Z,23.23,25.48,Sunny
5,2024-02-18T22:52:24Z,14.3,14.61,Snowy
5,2024-02-02T12:14:03Z,-6.66,34.66,Cloudy
5,2024-02-18T11:02:18Z,-1.38,34.75,Rainy
8,2024-02-15T23:05:29Z,4.1,35.56,Snowy
8,2024-02-18T18:47:14Z,-8.12,60.56,Rainy
4,2024-02-03T05:19:38Z,24.88,76.96,Cloudy
7,2024-02-24T00:31:40Z,-2.77,31.41,Sunny
2,2024-02-11T06:35:36Z,39.44,41.58,Cloudy
5,2024-02-18T04:23:01Z,-3.58,83.83,Cloudy
2,2024-02-02T11:41:10Z,14.05,94.12,Snowy
4,2024-02-19T21:08:04Z,21.82,56.48,Cloudy
3,2024-02-17T15:57:29Z,3.33,73.6,Sunny
8,2024-02-04T03:53:09Z,-4.78,52.75,Rainy
2,2024-02-04T06:29:55Z,-2.03,63.84,Sunny
6,2024-02-23T17:08:16Z,25.56,23.83,Sunny
4,2024-02-14T06:48:34Z,13.12,14.51,Rainy
6,2024-02-21T19:30:28Z,-9.47,52.49,Sunny
2,2024-02-25T10:01:17Z,26.93,69.06,Rainy
1,2024-02-20T03:36:14Z,36.75,98.79,Sunny
4,2024-02-11T13:05:44Z,32.35,97.41,Rainy
8,2024-02-20T04:01:46Z,25.44,66.61,Sunny
6,2024-02-10T14:46:26Z,-4.89,46.39,Sunny
3,2024-02-12T11:18:56Z,-7.69,4.04,Rainy
5,2024-02-20T09:32:20Z,-5.82,48.32,Snowy
3,2024-02-15T13:52:51Z,0.57,27.82,Sunny
4,2024-02-19T14:41:53Z,-2.97,72.3,Snowy
6,2024-02-13T00:27:39Z,34.29,26.47,Sunny
3,2024-02-03T07:02:16Z,35.53,77.59,Rainy
1,2024-02-28T07:24:52Z,29.87,76.11,Rainy
8,2024-02-26T16:17:05Z,36.8,46.62,Snowy
8,2024-02-20T15:59:53Z,1.01,72.59,Rainy
3,2024-02-05T16:49:43Z,0.15,88.13,Sunny
1,2024-02-20T04:36:23Z,17.08,48.46,Snowy
3,2024-02-08T17:48:08Z,32.03,41.29,Snowy
2,2024-02-26T14:43:02Z,34.2,0.42,Cloudy
7,2024-02-03T11:45:32Z,-4.72,21.01,Snowy
1,2024-02-15T10:33:41Z,-6.1,87.02,Cloudy
6,2024-02-10T12:59:29Z,21.97,92.78,Rainy
7,2024-02-24T06:31:51Z,25.56,35.98,Snowy
1,2024-02-14T22:06:20Z,38.18,50.85,Rainy
8,2024-02-13T08:09:45Z,35.58,7.04,Snowy
2,2024-02-13T20:25:43Z,9.25,69.63,Rainy
3,2024-02-02T16:31:42Z,-0.56,27.08,Snowy
6,2024-02-02T08:43:42Z,23.33,39.26,Cloudy
2,2024-02-17T18:25:12Z,2.08,0.71,Cloudy
5,2024-02-09T06:26:46Z,-7.42,44.48,Rainy
1,2024-02-16T00:12:37Z,10.74,95.12,Sunny
3,2024-02-12T21:25:06Z,9.49,72.74,Snowy
6,2024-02-21T09:45:14Z,6.66,61.73,Snowy
1,2024-02-22T04:52:58Z,11.78,64.88,Sunny
2,2024-02-07T23:56:33Z,25.3,93.17,Sunny
7,2024-02-24T18:53:28Z,25.69,11.74,Rainy
3,2024-02-11T15:34:24Z,6.42,61.03,Rainy
2,2024-02-19T22:05:33Z,12.8,32.91,Sunny
1,2024-02-24T20:32:01Z,25.11,32.2,Cloudy
7,2024-02-12T12:11:23Z,26.6,52.46,Snowy
3,2024-02-21T17:10:31Z,13.18,93.09,Cloudy
6,2024-02-04T18:07:31Z,12.12,75.01,Cloudy
7,2024-02-11T17:16:29Z,22.92,96.09,Rainy
6,2024-02-19T14:47:00Z,16.59,2.47,Cloudy
7,2024-02-23T23:54:20Z,26.76,99.02,Snowy
1,2024-02-14T06:46:36Z,0.39,45.38,Snowy
5,2024-02-03T03:18:15Z,33.96,87.16,Snowy
6,2024-02-06T10:10:53Z,34.59,53.44,Rainy
1,2024-02-06T23:31:16Z,31.2,58.2,Sunny
5,2024-02-23T05:16:18Z,25.93,91.9,Cloudy
8,2024-02-21T19:01:26Z,14.48,46.88,Snowy
2,2024-02-26T06:22:07Z,17.65,0.21,Sunny
2,2024-02-22T16:09:46Z,18.36,44.82,Cloudy
6,2024-02-24T08:29:37Z,16.06,56.36,Rainy
6,2024-02-20T00:40:24Z,21.3,44.55,Cloudy
6,2024-02-18T15:02:27Z,5.01,51.79,Sunny
7,2024-02-03T12:41:12Z,36.4,74.53,Sunny
8,2024-02-27T03:41:42Z,-4.91,74.1,Rainy
4,2024-02-08T04:06:17Z,8.46,22.47,Snowy
8,2024-02-07T07:51:25Z,25.85,31.83,Rainy
5,2024-02-13T13:11:13Z,34.99,33.96,Rainy
3,2024-02-21T03:08:24Z,34.64,74.77,Cloudy
1,2024-02-03T04:20:50Z,7.45,21.81,Rainy
4,2024-02-24T19:11:25Z,-9.74,55.28,Rainy
7,2024-02-16T04:36:33Z,10.25,74.0,Sunny
4,2024-02-26T14:25:16Z,25.01,36.01,Snowy
5,2024-02-19T08:03:15Z,-9.19,95.11,Snowy
6,2024-02-17T01:36:27Z,14.65,93.76,Sunny
2,2024-02-21T08:36:04Z,-6.29,81.55,Snowy
4,2024-02-26T12:25:40Z,31.87,24.88,Rainy
3,2024-02-28T16:23:32Z,26.39,97.11,Sunny
4,2024-02-25T23:57:40Z,31.78,21.36,Cloudy
8,2024-02-23T15:12:49Z,33.78,5.76,Cloudy
1,2024-02-26T10:34:53Z,22.67,91.1,Rainy
8,2024-02-03T20:21:38Z,30.67,45.86,Snowy
4,2024-02-28T01:27:57Z,-0.7,74.83,Snowy
3,2024-02-15T16:33:46Z,23.33,75.14,Snowy
4,2024-02-03T00:53:03Z,8.98,58.36,Sunny
4,2024-02-01T05:43:06Z,31.38,93.63,Rainy
1,2024-02-26T13:33:42Z,-2.12,84.49,Snowy
8,2024-02-25T14:21:50Z,8.21,67.25,Cloudy
8,2024-02-01T11:59:34Z,0.55,84.34,Rainy
1,2024-02-06T15:38:05Z,0.59,50.44,Sunny
6,2024-02-24T22:46:19Z,-5.38,4.41,Snowy
5,2024-02-15T11:57:12Z,22.55,88.35,Rainy
5,2024-02-07T05:44:27Z,34.86,29.86,Snowy
8,2024-02-09T17:54:21Z,12.11,36.57,Cloudy
7,2024-02-26T00:11:26Z,-1.41,58.33,Sunny
7,2024-02-01T16:57:43Z,26.34,27.8,Rainy
4,2024-02-17T22:00:13Z,21.21,37.28,Snowy
4,2024-02-25T01:22:27Z,11.53,24.48,Sunny
8,2024-02-25T07:41:54Z,29.23,22.84,Rainy
1,2024-02-28T08:38:44Z,-8.5,6.29,Cloudy
3,2024-02-22T06:25:07Z,-4.96,67.73,Sunny
8,2024-02-01T12:32:02Z,17.03,39.63,Rainy
1,2024-02-07T18:57:29Z,-7.8,65.46,Rainy
8,2024-02-25T14:35:43Z,11.02,99.98,Sunny
7,2024-02-23T21:21:01Z,1.93,87.95,Snowy
1,2024-02-08T11:35:32Z,29.13,48.3,Cloudy
7,2024-02-05T23:28:54Z,34.47,46.87,Cloudy
8,2024-02-08T10:48:49Z,9.46,77.88,Sunny
7,2024-02-23T02:52:40Z,38.29,34.15,Sunny
1,2024-02-28T15:44:16Z,9.85,70.8,Cloudy
2,2024-02-21T20:17:54Z,36.07,93.34,Cloudy
1,2024-02-18T05:36:12Z,2.59,46.92,Sunny
4,2024-02-17T11:46:36Z,9.67,12.5,Cloudy
4,2024-02-21T17:30:07Z,19.31,61.72,Sunny
1,2024-02-01T20:59:08Z,7.34,80.78,Snowy
4,2024-02-23T08:08:14Z,29.27,7.51,Sunny
3,2024-02-20T23:00:53Z,11.46,86.49,Cloudy
8,2024-02-27T04:38:03Z,-7.31,18.19,Snowy
8,2024-02-20T22:33:11Z,20.31,77.92,Snowy
7,2024-02-03T21:00:29Z,8.14,42.44,Sunny
3,2024-02-17T05:29:45Z,20.42,6.74,Cloudy
8,2024-02-17T04:14:43Z,36.81,1.38,Cloudy
4,2024-02-23T11:42:17Z,26.43,41.74,Snowy
1,2024-02-12T18:50:30Z,16.82,23.28,Rainy
5,2024-02-12T01:08:47Z,37.88,73.38,Sunny
8,2024-02-03T09:32:57Z,34.51,46.74,Sunny
1,2024-02-24T07:36:41Z,28.85,40.03,Cloudy
7,2024-02-18T02:15:19Z,1.85,55.04,Rainy
8,2024-02-20T14:45:51Z,-9.03,61.43,Cloudy
4,2024-02-05T09:23:43Z,37.96,1.58,Cloudy
3,2024-02-28T08:52:25Z,39.02,92.98,Sunny
5,2024-02-15T00:18:10Z,32.0,59.47,Cloudy
8,2024-02-06T23:08:54Z,21.51,99.16,Sunny
2,2024-02-16T04:15:52Z,28.87,92.86,Sunny
7,2024-02-02T15:24:59Z,35.88,43.6,Snowy
7,2024-02-15T01:05:38Z,-7.95,13.68,Sunny
4,2024-02-03T01:47:39Z,27.65,0.94,Sunny
8,2024-02-15T15:55:22Z,2.98,92.97,Snowy
6,2024-02-15T08:49:43Z,15.99,8.36,Cloudy
8,2024-02-28T20:38:12Z,35.73,36.95,Sunny
4,2024-02-16T17:07:12Z,15.23,65.7,Rainy
5,2024-02-04T09:38:59Z,38.8,6.06,Cloudy
2,2024-02-14T02:11:19Z,5.19,60.98,Snowy
6,2024-02-23T11:29:55Z,25.85,94.8,Sunny
5,2024-02-25T12:02:52Z,-2.15,93.24,Sunny
6,2024-02-09T08:06:27Z,-7.2,62.7,Snowy
8,2024-02-03T17:49:26Z,3.97,27.83,Sunny
6,2024-02-07T07:50:25Z,25.05,56.61,Snowy
5,2024-02-13T20:00:25Z,20.08,3.17,Sunny
8,2024-02-28T23:01:03Z,12.24,22.79,Snowy
1,2024-02-11T02:02:41Z,4.47,85.78,Cloudy
5,2024-02-07T16:31:33Z,-8.05,78.63,Rainy
1,2024-02-11T17:50:56Z,30.47,27.49,Sunny
6,2024-02-22T03:43:10Z,34.09,63.85,Cloudy
7,2024-02-05T06:24:53Z,15.91,19.36,Snowy
5,2024-02-22T02:11:42Z,14.65,76.6,Rainy
2,2024-02-05T21:53:01Z,22.29,55.9,Snowy
7,2024-02-02T07:50:21Z,17.47,71.79,Cloudy
8,2024-02-23T12:28:46Z,7.25,5.47,Cloudy
6,2024-02-05T07:39:25Z,34.58,10.73,Sunny
6,2024-02-24T21:28:41Z,23.72,59.66,Rainy
6,2024-02-11T08:12:38Z,4.67,1.43,Sunny
6,2024-02-05T03:16:45Z,21.48,87.69,Rainy
8,2024-02-16T08:12:21Z,16.17,25.56,Cloudy
1,2024-02-16T06:06:08Z,-8.33,41.35,Sunny
7,2024-02-23T13:43:43Z,-6.75,27.91,Rainy
2,2024-02-13T05:38:29Z,9.78,36.62,Cloudy
4,2024-02-18T17:01:11Z,28.27,69.27,Rainy
1,2024-02-28T03:31:24Z,32.78,17.43,Rainy
6,2024-02-09T19:06:15Z,20.72,67.17,Snowy
4,2024-02-18T03:52:51Z,21.38,65.65,Cloudy
2,2024-02-17T22:42:41Z,-5.66,80.85,Snowy
8,2024-02-06T01:57:52Z,-8.54,7.84,Cloudy
3,2024-02-09T11:28:43Z,31.07,61.1,Sunny
2,2024-02-10T00:50:55Z,21.68,98.19,Rainy
4,2024-02-19T20:03:24Z,-2.7,60.33,Sunny
5,2024-02-11T10:45:56Z,3.85,1.64,Rainy
5,2024-02-27T03:13:50Z,-2.51,31.17,Cloudy
3,2024-02-19T20:19:46Z,8.05,79.25,Snowy
5,2024-02-15T19:59:34Z,37.74,91.62,Sunny
1,2024-02-08T14:53:35Z,35.81,31.31,Snowy
6,2024-02-27T16:10:30Z,-8.96,19.83,Cloudy
1,2024-02-27T22:36:01Z,9.92,23.9,Snowy
8,2024-02-15T10:20:45Z,3.73,70.41,Snowy
6,2024-02-20T15:56:31Z,7.85,4.23,Cloudy
8,2024-02-26T12:54:25Z,-5.17,25.43,Cloudy
5,2024-02-21T13:14:14Z,17.92,17.73,Cloudy
2,2024-02-16T17:56:42Z,34.38,71.3,Snowy
7,2024-02-05T04:17:09Z,38.57,60.8,Rainy
5,2024-02-13T05:37:51Z,10.65,30.92,Cloudy
5,2024-02-24T09:05:42Z,-5.79,94.87,Cloudy
3,2024-02-08T02:06:16Z,39.51,22.55,Sunny
3,2024-02-23T09:28:15Z,27.23,62.91,Cloudy
5,2024-02-17T22:51:08Z,11.35,71.37,Cloudy
2,2024-02-28T09:46:14Z,35.08,90.68,Snowy
6,2024-02-15T18:42:26Z,2.06,32.44,Cloudy
8,2024-02-06T21:35:52Z,8.34,93.86,Cloudy
4,2024-02-12T08:15:11Z,-1.43,45.92,Cloudy
3,2024-02-20T13:36:49Z,6.11,57.21,Sunny
4,2024-02-03T03:04:49Z,24.59,74.04,Cloudy
8,2024-02-20T16:21:56Z,-7.9,51.35,Sunny
7,2024-02-26T08:22:01Z,33.67,52.65,Rainy
1,2024-02-09T12:23:32Z,8.57,13.31,Snowy
8,2024-02-19T01:26:19Z,-4.79,44.36,Snowy
5,2024-02-11T13:29:18Z,26.33,0.44,Sunny
8,2024-02-15T03:58:05Z,15.68,78.14,Cloudy
4,2024-02-04T22:41:23Z,8.91,44.24,Cloudy
3,2024-02-19T14:42:04Z,3.89,3.32,Sunny
3,2024-02-19T08:00:01Z,6.14,31.63,Snowy
1,2024-02-27T00:46:31Z,-4.91,76.4,Snowy
3,2024-02-13T00:09:11Z,-8.05,27.37,Snowy
8,2024-02-27T03:24:35Z,3.84,29.58,Snowy
8,2024-02-08T02:27:50Z,16.45,89.71,Cloudy
3,2024-02-02T18:34:11Z,22.72,84.39,Cloudy
6,2024-02-28T03:40:10Z,26.11,14.02,Sunny
6,2024-02-04T17:46:27Z,38.13,21.93,Cloudy
4,2024-02-21T12:14:52Z,6.57,77.28,Snowy
5,2024-02-02T04:46:13Z,24.66,43.99,Cloudy
6,2024-02-20T05:54:53Z,7.02,38.35,Snowy
1,2024-02-16T05:40:23Z,4.12,14.82,Rainy
2,2024-02-23T15:10:20Z,22.98,10.49,Sunny
2,2024-02-02T16:07:13Z,1.13,63.4,Cloudy
2,2024-02-18T06:05:09Z,0.62,57.59,Sunny
2,2024-02-21T04:33:18Z,6.72,32.38,Rainy
2,2024-02-15T23:24:11Z,31.71,27.38,Sunny
3,2024-02-24T08:33:19Z,31.44,18.69,Cloudy
6,2024-02-28T04:37:00Z,23.04,81.92,Sunny
6,2024-02-06T13:22:22Z,18.92,96.52,Rainy
3,2024-02-18T18:30:48Z,13.14,67.54,Cloudy
6,2024-02-11T07:01:05Z,19.77,51.27,Rainy
3,2024-02-04T06:13:48Z,22.07,65.03,Rainy
4,2024-02-22T17:58:50Z,18.86,65.22,Rainy
4,2024-02-18T10:52:18Z,36.02,59.41,Snowy
1,2024-02-14T18:53:17Z,30.55,71.03,Snowy
5,2024-02-20T03:16:29Z,5.09,78.95,Rainy
5,2024-02-16T01:41:22Z,3.56,91.1,Snowy
3,2024-02-23T13:08:58Z,26.27,48.59,Snowy
4,2024-02-16T22:15:26Z,29.81,42.12,Cloudy
4,2024-02-13T23:00:15Z,-0.55,6.31,Cloudy
7,2024-02-17T23:13:26Z,-4.43,49.64,Sunny
7,2024-02-15T08:14:04Z,-9.77,74.5,Cloudy
3,2024-02-24T10:44:11Z,18.62,83.34,Sunny
4,2024-02-14T17:28:08Z,6.53,76.87,Snowy
7,2024-02-16T21:00:50Z,33.87,94.54,Rainy
3,2024-02-21T06:24:55Z,-2.92,18.56,Sunny
4,2024-02-09T06:02:12Z,4.9,3.98,Cloudy
2,2024-02-06T15:59:01Z,29.65,7.02,Sunny
3,2024-02-17T21:17:45Z,31.78,67.22,Cloudy
7,2024-02-22T10:41:13Z,3.28,11.69,Cloudy
6,2024-02-26T20:51:06Z,9.38,28.22,Cloudy
8,2024-02-20T06:43:31Z,7.63,74.22,Snowy
3,2024-02-09T23:02:14Z,33.9,97.9,Sunny
2,2024-02-24T10:48:54Z,34.95,13.31,Snowy
7,2024-02-11T19:47:06Z,29.27,20.73,Sunny
2,2024-02-21T20:20:59Z,2.01,9.58,Cloudy
3,2024-02-04T05:34:19Z,25.6,36.26,Cloudy
1,2024-02-13T17:15:50Z,39.19,70.36,Cloudy
5,2024-02-04T04:36:00Z,33.39,52.35,Snowy
3,2024-02-23T22:55:05Z,27.56,88.03,Sunny
8,2024-02-13T17:48:27Z,2.99,80.56,Sunny
3,2024-02-23T03:28:28Z,36.75,21.49,Snowy
7,2024-02-10T00:14:18Z,34.4,77.0,Snowy
6,2024-02-11T23:35:07Z,37.47,57.06,Snowy
2,2024-02-21T06:47:20Z,34.67,48.1,Cloudy
2,2024-02-19T15:41:33Z,23.18,52.63,Snowy
2,2024-02-24T16:02:36Z,25.06,85.89,Snowy
5,2024-02-09T06:10:28Z,9.41,94.25,Sunny
4,2024-02-16T22:21:30Z,18.83,28.77,Cloudy
8,2024-02-28T15:12:53Z,0.38,57.69,Cloudy
8,2024-02-16T10:32:12Z,-5.79,63.32,Sunny
3,2024-02-09T20:23:08Z,32.89,51.78,Rainy
8,2024-02-13T16:42:54Z,34.18,24.75,Cloudy
6,2024-02-10T21:53:13Z,-1.52,41.16,Sunny
1,2024-02-13T09:23:13Z,18.3,98.03,Cloudy
7,2024-02-26T01:43:30Z,34.88,37.4,Cloudy
4,2024-02-09T00:05:53Z,13.2,94.69,Cloudy
1,2024-02-13T22:02:32Z,26.93,48.65,Cloudy
3,2024-02-20T01:38:11Z,14.4,92.2,Snowy
6,2024-02-01T02:43:48Z,25.12,11.71,Rainy
7,2024-02-10T07:07:34Z,26.5,37.63,Cloudy
6,2024-02-03T06:18:22Z,9.32,28.46,Rainy
2,2024-02-02T04:55:33Z,-5.12,34.4,Sunny
8,2024-02-15T15:34:57Z,27.46,79.77,Sunny
4,2024-02-07T10:08:37Z,22.09,90.67,Sunny
3,2024-02-05T16:34:53Z,23.37,25.12,Rainy
7,2024-02-14T10:15:18Z,39.83,34.08,Cloudy
5,2024-02-16T12:36:04Z,-1.45,77.28,Rainy
5,2024-02-18T10:42:36Z,-3.55,14.63,Rainy
1,2024-02-20T21:55:52Z,38.98,57.87,Snowy
4,2024-02-09T10:37:03Z,38.07,12.0,Cloudy
4,2024-02-06T04:46:12Z,23.55,17.07,Cloudy
8,2024-02-05T09:12:38Z,17.58,44.23,Sunny
8,2024-02-02T20:17:37Z,12.44,16.62,Sunny
6,2024-02-08T03:51:22Z,10.06,70.58,Snowy
4,2024-02-09T07:37:03Z,30.35,25.35,Rainy
7,2024-02-20T13:10:47Z,-9.76,27.65,Cloudy
2,2024-02-02T16:49:09Z,15.4,93.19,Sunny
3,2024-02-12T13:36:31Z,27.33,40.39,Cloudy
8,2024-02-18T22:37:18Z,26.33,77.31,Sunny
6,2024-02-09T04:38:08Z,14.27,61.5,Cloudy
6,2024-02-13T10:39:20Z,-8.5,5.27,Cloudy
6,2024-02-14T05:50:06Z,-2.46,6.1,Snowy
7,2024-02-18T00:05:19Z,19.96,99.76,Sunny
3,2024-02-04T13:39:15Z,-1.82,73.85,Sunny
7,2024-02-23T02:41:57Z,37.44,30.88,Cloudy
1,2024-02-11T14:44:15Z,-4.27,20.8,Sunny
2,2024-02-18T03:46:06Z,37.3,92.77,Cloudy
6,2024-02-28T09:49:49Z,3.75,54.51,Snowy
1,2024-02-24T02:02:40Z,1.39,45.2,Rainy
5,2024-02-23T11:26:57Z,7.71,66.16,Sunny
4,2024-02-23T15:41:22Z,24.52,30.85,Sunny
1,2024-02-27T07:50:25Z,39.35,48.74,Sunny
4,2024-02-04T16:18:30Z,3.75,26.28,Cloudy
4,2024-02-10T16:04:23Z,30.72,64.55,Rainy
4,2024-02-25T07:39:28Z,13.95,2.8,Snowy
6,2024-02-07T16:31:41Z,2.1,8.6,Cloudy
2,2024-02-15T09:27:46Z,19.8,2.21,Rainy
3,2024-02-15T00:33:08Z,2.94,25.68,Cloudy
1,2024-02-06T02:17:17Z,12.37,69.96,Cloudy
2,2024-02-03T12:17:34Z,-4.47,23.21,Cloudy
7,2024-02-18T23:13:08Z,18.17,35.08,Sunny
2,2024-02-25T00:43:12Z,34.55,19.99,Snowy
7,2024-02-07T06:09:29Z,-3.55,1.63,Cloudy
3,2024-02-04T19:49:50Z,24.57,68.36,Rainy
7,2024-02-10T10:07:11Z,-9.09,10.43,Sunny
2,2024-02-25T00:40:59Z,20.72,50.14,Snowy
7,2024-02-12T06:44:25Z,14.98,63.95,Sunny
6,2024-02-22T18:47:23Z,-6.33,96.16,Rainy
4,2024-02-08T00:12:51Z,-2.33,8.07,Cloudy
5,2024-02-13T04:25:02Z,0.36,78.08,Snowy
5,2024-02-24T17:21:51Z,31.66,43.38,Cloudy
2,2024-02-03T12:33:59Z,23.72,71.59,Cloudy
7,2024-02-09T14:26:51Z,0.35,59.84,Snowy
7,2024-02-17T01:33:52Z,5.93,27.49,Sunny
8,2024-02-23T00:04:33Z,39.62,72.53,Rainy
4,2024-02-25T21:10:56Z,14.33,59.16,Snowy
4,2024-02-17T21:47:02Z,13.59,26.17,Cloudy
3,2024-02-21T01:58:46Z,35.58,37.45,Cloudy
4,2024-02-17T02:24:37Z,31.02,25.68,Snowy
4,2024-02-19T15:09:58Z,16.18,96.12,Snowy
2,2024-02-06T14:33:14Z,3.62,48.62,Rainy
6,2024-02-21T01:51:37Z,22.49,2.61,Rainy
7,2024-02-18T19:04:31Z,17.51,86.06,Snowy
7,2024-02-20T15:31:08Z,25.17,90.96,Cloudy
2,2024-02-10T04:49:46Z,16.8,25.25,Snowy
5,2024-02-18T12:52:37Z,27.73,2.72,Snowy
5,2024-02-27T14:10:48Z,-0.57,36.24,Snowy
3,2024-02-23T01:36:16Z,7.56,50.87,Rainy
2,2024-02-22T08:58:35Z,5.74,45.74,Rainy
6,2024-02-18T07:19:51Z,7.18,47.01,Sunny
7,2024-02-09T22:31:17Z,32.69,13.72,Rainy
2,2024-02-25T08:51:18Z,27.03,88.94,Rainy
6,2024-02-02T07:52:14Z,13.23,31.14,Sunny
4,2024-02-10T18:29:40Z,4.51,72.52,Snowy
5,2024-02-12T01:58:29Z,-4.06,94.27,Sunny
6,2024-02-07T06:28:49Z,37.29,27.96,Sunny
3,2024-02-26T01:17:32Z,-5.26,64.3,Rainy
7,2024-02-06T19:07:16Z,8.75,26.08,Cloudy
7,2024-02-25T02:09:28Z,26.68,75.59,Cloudy
5,2024-02-22T07:44:11Z,11.25,65.14,Snowy
1,2024-02-04T13:37:17Z,36.86,7.87,Snowy
7,2024-02-16T16:48:07Z,11.73,82.77,Sunny
8,2024-02-26T20:26:39Z,2.79,67.02,Rainy
1,2024-02-12T07:07:22Z,24.19,73.71,Sunny
7,2024-02-16T04:10:15Z,21.24,84.74,Cloudy
1,2024-02-01T11:49:48Z,10.6,88.81,Sunny
5,2024-02-18T01:24:38Z,26.05,58.08,Snowy
5,2024-02-05T16:34:00Z,-5.4,9.83,Cloudy
7,2024-02-08T02:47:07Z,13.1,61.13,Sunny
8,2024-02-27T04:28:45Z,5.89,17.7,Snowy
5,2024-02-01T21:42:04Z,18.17,21.31,Rainy
7,2024-02-19T15:36:29Z,7.24,33.67,Sunny
5,2024-02-08T01:16:19Z,-1.81,38.3,Sunny
1,2024-02-17T13:07:28Z,32.86,21.96,Sunny
4,2024-02-11T17:05:48Z,6.26,38.72,Sunny
3,2024-02-14T07:23:37Z,38.15,94.55,Cloudy
2,2024-02-21T12:13:55Z,-2.8,37.76,Cloudy
5,2024-02-06T21:18:39Z,12.88,99.85,Cloudy
2,2024-02-16T15:10:35Z,17.08,76.08,Sunny
8,2024-02-02T08:51:52Z,18.85,53.37,Cloudy
6,2024-02-23T03:29:29Z,6.48,15.97,Cloudy
2,2024-02-03T11:29:35Z,1.66,38.19,Cloudy
2,2024-02-11T04:01:32Z,5.58,58.56,Cloudy
6,2024-02-07T14:12:18Z,1.77,99.23,Sunny
2,2024-02-02T05:20:34Z,24.53,39.64,Snowy
1,2024-02-28T19:46:40Z,-6.95,46.44,Sunny
6,2024-02-15T19:15:13Z,-2.47,11.58,Snowy
5,2024-02-24T20:45:36Z,-0.1,71.24,Snowy
1,2024-02-19T23:30:55Z,15.44,2.62,Sunny
2,2024-02-11T08:19:23Z,30.78,37.19,Sunny
8,2024-02-06T03:42:54Z,5.18,85.05,Snowy
3,2024-02-17T20:42:24Z,16.98,99.56,Rainy
6,2024-02-05T05:47:06Z,10.46,84.25,Sunny
7,2024-02-07T22:45:45Z,17.31,75.61,Cloudy
5,2024-02-04T02:55:13Z,16.45,43.06,Cloudy
2,2024-02-23T23:03:34Z,4.35,39.0,Sunny
4,2024-02-23T22:47:56Z,18.51,19.48,Snowy
8,2024-02-13T02:48:17Z,37.66,17.55,Rainy
7,2024-02-21T20:36:57Z,33.34,77.34,Cloudy
3,2024-02-04T05:29:07Z,19.38,97.97,Snowy
5,2024-02-08T16:56:14Z,8.22,22.85,Rainy
2,2024-02-20T21:47:34Z,21.37,99.6,Cloudy
8,2024-02-01T21:10:44Z,21.57,73.14,Snowy
2,2024-02-09T01:52:29Z,34.26,37.52,Sunny
8,2024-02-06T11:42:46Z,3.55,72.22,Cloudy
5,2024-02-17T07:17:06Z,-4.01,93.5,Snowy
5,2024-02-03T17:48:32Z,2.65,86.2,Rainy
3,2024-02-16T13:03:58Z,21.25,83.72,Sunny
7,2024-02-01T07:11:06Z,27.27,79.2,Rainy
4,2024-02-17T08:38:43Z,11.69,20.1,Snowy
6,2024-02-06T15:24:28Z,23.98,44.35,Snowy
8,2024-02-27T00:59:32Z,-3.56,87.07,Snowy
8,2024-02-11T12:28:27Z,-0.42,9.91,Sunny
2,2024-02-01T22:08:08Z,30.14,35.14,Cloudy
7,2024-02-07T18:26:50Z,-7.08,32.98,Cloudy
8,2024-02-21T21:21:32Z,34.87,37.38,Rainy
4,2024-02-13T19:50:15Z,37.42,64.23,Rainy
5,2024-02-19T11:11:55Z,-9.06,12.5,Snowy
8,2024-02-18T08:43:41Z,-0.22,35.74,Cloudy
3,2024-02-09T21:59:34Z,17.38,1.76,Rainy
7,2024-02-02T09:47:29Z,28.14,71.11,Rainy
3,2024-02-26T10:11:50Z,22.94,93.69,Cloudy
2,2024-02-03T04:25:57Z,7.56,1.46,Cloudy
7,2024-02-27T23:19:54Z,0.77,26.55,Snowy
3,2024-02-22T00:57:10Z,21.58,38.67,Snowy
8,2024-02-25T02:25:48Z,36.31,4.75,Snowy
6,2024-02-17T18:38:36Z,-6.06,51.01,Sunny
7,2024-02-18T16:08:54Z,-5.83,21.19,Snowy
2,2024-02-22T07:57:23Z,14.9,87.64,Sunny
2,2024-02-15T10:58:23Z,1.68,19.47,Rainy
1,2024-02-11T05:03:31Z,37.81,33.53,Rainy
4,2024-02-08T09:08:51Z,6.15,23.31,Cloudy
3,2024-02-20T16:59:31Z,28.26,90.11,Sunny
8,2024-02-12T11:46:56Z,25.42,6.5,Cloudy
2,2024-02-02T16:14:04Z,28.89,59.08,Sunny
4,2024-02-22T14:48:51Z,8.49,38.26,Sunny
6,2024-02-13T02:26:47Z,36.6,6.75,Snowy
5,2024-02-06T09:39:23Z,34.31,58.43,Cloudy
3,2024-02-19T08:18:31Z,-8.58,14.3,Rainy
8,2024-02-21T23:07:57Z,-3.34,39.03,Sunny
5,2024-02-24T08:53:35Z,39.32,49.36,Rainy
4,2024-02-02T23:48:09Z,27.32,41.98,Cloudy
6,2024-02-21T17:54:18Z,7.23,66.18,Cloudy
5,2024-02-10T06:13:13Z,15.17,8.5,Rainy
8,2024-02-13T18:47:50Z,10.67,37.11,Rainy
8,2024-02-13T19:49:42Z,10.63,55.0,Cloudy
5,2024-02-23T21:56:32Z,39.2,38.68,Cloudy
4,2024-02-26T18:52:59Z,35.57,47.69,Rainy
1,2024-02-04T07:36:43Z,16.9,37.48,Snowy
6,2024-02-23T20:20:22Z,30.69,84.35,Sunny
8,2024-02-13T10:02:12Z,22.86,60.52,Sunny
5,2024-02-27T11:40:58Z,2.5,17.4,Snowy
2,2024-02-17T10:41:23Z,21.45,8.47,Cloudy
5,2024-02-24T17:40:13Z,6.34,70.69,Rainy
3,2024-02-21T18:11:18Z,-2.94,72.04,Sunny
4,2024-02-24T02:54:19Z,-5.89,27.06,Snowy
4,2024-02-26T13:58:18Z,33.37,99.51,Cloudy
5,2024-02-21T16:02:19Z,-7.99,80.25,Snowy
5,2024-02-21T21:40:16Z,11.54,81.13,Snowy
2,2024-02-15T00:02:00Z,8.25,35.08,Rainy
1,2024-02-07T12:49:00Z,26.83,58.73,Snowy
3,2024-02-02T15:34:49Z,33.89,23.42,Snowy
7,2024-02-20T01:48:35Z,5.99,30.26,Rainy
4,2024-02-19T17:34:20Z,15.93,33.2,Snowy
5,2024-02-10T07:49:31Z,0.87,62.89,Sunny
1,2024-02-18T02:59:10Z,11.09,10.03,Snowy
2,2024-02-07T01:51:55Z,4.58,53.42,Cloudy
8,2024-02-19T08:20:40Z,7.03,87.07,Snowy
8,2024-02-03T10:30:32Z,3.89,38.86,Rainy
2,2024-02-06T13:38:13Z,-1.47,10.4,Sunny
7,2024-02-25T16:36:51Z,25.7,2.47,Rainy
1,2024-02-09T09:04:17Z,15.49,60.16,Cloudy
8,2024-02-09T04:56:42Z,30.82,55.41,Cloudy
4,2024-02-21T00:09:13Z,18.67,82.61,Cloudy
8,2024-02-24T21:17:59Z,-5.49,20.56,Rainy
3,2024-02-28T07:00:01Z,8.08,41.77,Rainy
8,2024-02-26T01:15:27Z,31.31,61.04,Snowy
4,2024-02-02T20:36:46Z,-9.55,16.25,Sunny
5,2024-02-23T11:43:45Z,24.07,15.89,Sunny
8,2024-02-07T09:16:03Z,38.48,23.94,Rainy
2,2024-02-27T18:59:05Z,-1.49,71.52,Rainy
4,2024-02-03T09:07:21Z,13.05,39.2,Cloudy
2,2024-02-05T13:19:07Z,31.6,17.87,Sunny
4,2024-02-07T23:52:08Z,-9.46,7.48,Cloudy
4,2024-02-03T11:06:30Z,19.25,30.66,Snowy
1,2024-02-02T01:13:07Z,15.15,77.48,Sunny
5,2024-02-06T20:41:57Z,-6.56,14.01,Sunny
3,2024-02-23T11:27:08Z,6.24,72.95,Cloudy
6,2024-02-11T06:10:12Z,14.48,76.74,Cloudy
5,2024-02-26T09:12:48Z,13.71,24.72,Snowy
3,2024-02-19T11:19:53Z,24.61,41.23,Sunny
7,2024-02-26T14:40:57Z,-6.5,3.96,Rainy
2,2024-02-06T22:47:08Z,7.68,42.96,Cloudy
2,2024-02-06T05:15:02Z,15.22,62.49,Cloudy
8,2024-02-03T10:54:52Z,0.46,36.41,Sunny
2,2024-02-04T08:36:13Z,2.42,89.16,Snowy
3,2024-02-13T04:18:40Z,-8.11,43.65,Snowy
4,2024-02-22T11:26:47Z,-2.39,34.84,Sunny
4,2024-02-08T02:56:18Z,-9.51,35.4,Rainy
8,2024-02-09T13:12:27Z,27.92,52.31,Rainy
6,2024-02-28T14:32:10Z,13.84,46.02,Sunny
6,2024-02-22T19:44:12Z,-7.27,84.7,Rainy
5,2024-02-01T04:40:09Z,-5.16,35.86,Sunny
1,2024-02-09T03:32:13Z,37.62,17.65,Sunny
3,2024-02-22T02:12:14Z,-7.88,29.95,Sunny
6,2024-02-25T10:15:42Z,24.89,27.57,Cloudy
4,2024-02-24T08:25:12Z,27.36,64.95,Cloudy
4,2024-02-18T17:28:53Z,9.82,60.65,Snowy
8,2024-02-04T16:20:04Z,34.44,4.05,Rainy
5,2024-02-22T19:20:07Z,16.15,87.28,Rainy
8,2024-02-26T14:57:03Z,32.61,72.38,Sunny
8,2024-02-12T23:12:59Z,34.97,44.44,Snowy
6,2024-02-22T12:36:37Z,30.25,76.55,Sunny
7,2024-02-11T01:33:23Z,28.79,25.7,Snowy
6,2024-02-20T13:30:51Z,6.08,55.98,Snowy
4,2024-02-02T19:45:43Z,23.54,12.04,Cloudy
7,2024-02-03T23:03:50Z,14.59,15.96,Snowy
2,2024-02-09T09:52:45Z,11.23,82.83,Snowy
7,2024-02-26T02:23:19Z,12.85,9.77,Rainy
5,2024-02-15T22:22:23Z,25.2,35.67,Cloudy
2,2024-02-14T22:43:49Z,23.66,95.8,Cloudy
6,2024-02-02T23:36:19Z,26.35,41.28,Rainy
8,2024-02-05T19:02:48Z,30.72,1.77,Cloudy
1,2024-02-04T06:34:44Z,26.93,54.72,Sunny
8,2024-02-01T05:55:49Z,24.29,48.32,Rainy
3,2024-02-25T03:05:01Z,17.88,99.83,Sunny
2,2024-02-22T09:13:50Z,5.96,91.53,Rainy
4,2024-02-27T06:16:07Z,10.04,70.93,Snowy
7,2024-02-17T06:15:58Z,9.84,76.13,Cloudy
4,2024-02-19T12:20:18Z,28.97,15.49,Sunny
6,2024-02-04T20:28:20Z,35.78,40.87,Rainy
4,2024-02-25T23:06:31Z,35.51,43.88,Snowy
2,2024-02-01T14:48:26Z,21.35,19.93,Sunny
1,2024-02-13T11:31:59Z,27.09,9.09,Rainy
6,2024-02-17T22:44:49Z,26.9,90.37,Sunny
4,2024-02-03T01:14:00Z,6.01,58.25,Rainy
6,2024-02-20T07:37:56Z,-2.17,65.63,Rainy
8,2024-02-17T00:07:40Z,24.36,23.73,Sunny
2,2024-02-20T19:26:23Z,34.84,68.46,Rainy
4,2024-02-23T01:39:27Z,10.61,41.14,Snowy
4,2024-02-17T19:31:53Z,35.9,31.58,Cloudy
7,2024-02-11T06:05:24Z,13.97,7.75,Sunny
3,2024-02-04T00:53:23Z,35.4,21.59,Cloudy
4,2024-02-18T07:07:24Z,20.09,85.44,Snowy
3,2024-02-05T16:59:36Z,37.74,62.25,Cloudy
4,2024-02-27T23:28:40Z,7.72,40.67,Sunny
8,2024-02-14T02:44:08Z,5.07,94.82,Cloudy
7,2024-02-07T19:09:38Z,24.41,58.19,Cloudy
1,2024-02-06T03:15:36Z,13.07,98.54,Snowy
2,2024-02-23T16:53:56Z,28.57,48.64,Sunny
1,2024-02-04T08:37:39Z,19.27,25.55,Cloudy
5,2024-02-18T22:18:34Z,36.18,15.56,Sunny
2,2024-02-05T02:09:14Z,-5.82,80.01,Cloudy
5,2024-02-03T09:51:41Z,18.84,85.83,Cloudy
3,2024-02-01T05:06:49Z,9.96,77.2,Sunny
8,2024-02-28T14:39:28Z,-3.86,88.92,Sunny
7,2024-02-05T04:53:06Z,34.88,84.49,Rainy
5,2024-02-19T21:20:06Z,22.67,71.81,Sunny
7,2024-02-06T17:30:30Z,11.37,79.57,Rainy
2,2024-02-18T11:49:49Z,36.32,36.05,Cloudy
3,2024-02-24T09:07:42Z,19.99,24.96,Snowy
6,2024-02-06T21:10:22Z,26.29,70.31,Snowy
2,2024-02-08T04:29:45Z,-8.47,78.94,Sunny
8,2024-02-03T01:51:40Z,30.09,23.86,Cloudy
2,2024-02-03T02:29:48Z,37.73,70.38,Snowy
6,2024-02-09T01:46:05Z,21.26,93.42,Snowy
1,2024-02-26T22:08:17Z,28.41,3.13,Cloudy
1,2024-02-27T08:02:57Z,-4.11,57.11,Cloudy
8,2024-02-16T23:30:47Z,10.71,57.26,Snowy
6,2024-02-15T07:51:56Z,12.92,64.23,Cloudy
7,2024-02-04T14:35:36Z,2.35,17.64,Snowy
5,2024-02-08T07:38:53Z,7.37,12.35,Snowy
8,2024-02-09T16:50:09Z,6.5,8.86,Cloudy
3,2024-02-28T10:19:48Z,35.72,9.33,Snowy
3,2024-02-15T11:37:56Z,14.28,67.0,Rainy
6,2024-02-16T06:38:20Z,17.71,31.65,Sunny
5,2024-02-12T09:18:11Z,-2.04,73.23,Cloudy
2,2024-02-24T01:31:40Z,36.67,2.21,Cloudy
8,2024-02-21T04:22:10Z,-2.64,3.28,Sunny
7,2024-02-23T13:50:40Z,-6.9,49.25,Rainy
1,2024-02-03T09:30:13Z,30.96,68.99,Cloudy
2,2024-02-04T10:55:32Z,22.5,26.73,Rainy
5,2024-02-04T18:04:24Z,-2.38,97.73,Snowy
2,2024-02-03T05:44:12Z,-5.75,39.94,Cloudy
1,2024-02-24T05:53:50Z,24.64,18.79,Rainy
1,2024-02-16T05:49:04Z,13.97,24.32,Rainy
7,2024-02-22T17:24:03Z,25.25,71.52,Rainy
5,2024-02-25T14:13:35Z,-7.32,56.59,Sunny
3,2024-02-20T20:45:34Z,24.84,0.01,Rainy
3,2024-02-27T23:25:55Z,36.6,95.93,Rainy
7,2024-02-03T06:26:23Z,33.69,66.06,Sunny
7,2024-02-13T21:16:03Z,14.24,78.11,Snowy
5,2024-02-25T21:47:37Z,8.01,91.02,Cloudy
7,2024-02-09T04:23:00Z,-2.82,7.91,Snowy
3,2024-02-08T19:06:09Z,0.92,67.23,Cloudy
5,2024-02-23T17:07:02Z,29.68,40.16,Sunny
1,2024-02-09T09:19:27Z,-2.65,38.4,Rainy
6,2024-02-28T05:11:38Z,0.83,2.12,Snowy
4,2024-02-21T01:18:30Z,36.72,7.87,Sunny
4,2024-02-16T01:39:59Z,17.78,40.43,Sunny
1,2024-02-21T06:49:16Z,19.11,3.41,Sunny
3,2024-02-11T21:27:41Z,32.77,56.69,Snowy
3,2024-02-14T21:07:24Z,-4.18,28.9,Rainy
4,2024-02-13T23:51:14Z,34.84,6.56,Rainy
3,2024-02-10T17:45:43Z,22.57,34.03,Rainy
2,2024-02-25T02:30:57Z,20.81,4.85,Cloudy
8,2024-02-19T18:04:29Z,25.29,45.22,Sunny
6,2024-02-08T20:02:39Z,18.59,89.9,Rainy
4,2024-02-07T10:07:07Z,1.07,50.77,Sunny
8,2024-02-26T23:44:03Z,-3.14,92.61,Rainy
1,2024-02-24T07:12:49Z,20.71,13.78,Cloudy
4,2024-02-23T00:01:38Z,16.64,55.87,Rainy
8,2024-02-21T11:44:35Z,35.06,84.61,Snowy
8,2024-02-15T21:10:12Z,0.02,37.6,Snowy
6,2024-02-28T10:00:52Z,12.83,50.73,Rainy
2,2024-02-11T15:32:33Z,26.3,96.01,Cloudy
8,2024-02-15T15:36:56Z,17.54,39.62,Cloudy
7,2024-02-17T13:45:19Z,2.08,39.01,Cloudy
6,2024-02-18T23:44:25Z,21.26,17.23,Snowy
8,2024-02-26T06:16:45Z,21.68,85.13,Rainy
6,2024-02-09T20:50:10Z,24.27,42.19,Snowy
1,2024-02-16T21:21:20Z,1.39,51.63,Sunny
3,2024-02-24T03:53:27Z,13.01,83.29,Cloudy
8,2024-02-18T08:54:10Z,24.97,59.19,Sunny
4,2024-02-16T11:06:24Z,26.25,19.03,Rainy
8,2024-02-15T14:11:57Z,27.88,45.76,Cloudy
2,2024-02-20T14:24:35Z,-7.05,42.59,Rainy
3,2024-02-27T20:24:49Z,39.25,78.7,Cloudy
1,2024-02-11T20:48:31Z,30.91,90.65,Snowy
1,2024-02-22T03:26:34Z,9.16,68.39,Cloudy
5,2024-02-23T16:26:18Z,3.97,34.75,Cloudy
5,2024-02-28T04:15:23Z,11.72,20.76,Cloudy
4,2024-02-24T08:07:23Z,26.47,58.4,Sunny
4,2024-02-06T20:23:25Z,-2.16,60.81,Rainy
8,2024-02-22T15:41:32Z,-3.58,67.48,Rainy
2,2024-02-22T13:55:30Z,8.71,69.27,Sunny
4,2024-02-02T07:45:41Z,9.27,36.34,Sunny
1,2024-02-04T22:04:12Z,-9.73,13.03,Rainy
6,2024-02-13T03:48:15Z,10.88,6.61,Cloudy
3,2024-02-09T12:09:29Z,29.65,12.37,Snowy
7,2024-02-07T08:17:47Z,18.72,75.04,Sunny
5,2024-02-12T20:42:11Z,37.87,1.92,Cloudy
7,2024-02-01T19:41:24Z,26.5,43.32,Cloudy
2,2024-02-12T13:53:20Z,2.09,60.61,Cloudy
6,2024-02-15T02:22:55Z,38.43,79.89,Rainy
6,2024-02-23T23:45:05Z,4.89,65.76,Rainy
7,2024-02-11T09:46:03Z,29.8,12.3,Sunny
5,2024-02-18T20:02:06Z,27.81,95.37,Snowy
2,2024-02-14T01:58:53Z,24.05,63.21,Rainy
5,2024-02-08T22:11:46Z,-0.05,82.66,Cloudy
5,2024-02-10T19:02:55Z,24.59,38.98,Snowy
1,2024-02-03T04:11:43Z,-8.78,8.83,Snowy
3,2024-02-19T11:11:21Z,29.29,72.34,Cloudy
3,2024-02-25T15:59:25Z,22.73,25.2,Rainy
5,2024-02-09T23:04:05Z,26.15,35.72,Rainy
7,2024-02-21T15:52:51Z,25.33,6.97,Sunny
5,2024-02-28T09:53:42Z,37.67,79.94,Cloudy
5,2024-02-17T04:32:46Z,-7.62,8.25,Rainy
8,2024-02-21T01:29:10Z,14.42,24.71,Sunny
5,2024-02-14T02:07:35Z,-5.96,97.43,Sunny
1,2024-02-21T18:05:52Z,18.42,26.28,Snowy
5,2024-02-14T17:35:42Z,11.89,32.72,Sunny
3,2024-02-26T11:06:59Z,35.71,40.25,Cloudy
7,2024-02-18T20:02:12Z,23.64,75.0,Rainy
6,2024-02-24T18:45:04Z,-1.66,75.68,Cloudy
1,2024-02-20T16:26:56Z,5.88,15.87,Rainy
5,2024-02-08T10:02:03Z,-5.93,81.72,Snowy
8,2024-02-17T06:51:00Z,15.87,34.37,Sunny
6,2024-02-22T14:52:34Z,36.31,30.47,Snowy
5,2024-02-19T10:46:13Z,4.26,66.27,Snowy
1,2024-02-08T21:21:01Z,27.22,41.93,Cloudy
3,2024-02-14T22:36:49Z,25.16,28.78,Sunny
8,2024-02-21T14:13:05Z,-3.95,10.3,Rainy
2,2024-02-23T00:42:10Z,7.25,18.72,Snowy
8,2024-02-14T11:00:36Z,6.41,5.24,Rainy
3,2024-02-08T01:08:24Z,39.68,79.32,Snowy
2,2024-02-02T06:55:03Z,36.45,42.1,Snowy
1,2024-02-05T01:21:53Z,10.46,15.88,Rainy
7,2024-02-14T22:20:03Z,-1.68,53.58,Rainy
1,2024-02-28T12:23:54Z,-4.81,94.91,Rainy
7,2024-02-24T05:10:59Z,23.48,18.87,Rainy
4,2024-02-18T14:09:54Z,11.22,10.48,Sunny
7,2024-02-07T23:47:59Z,-1.86,24.54,Cloudy
1,2024-02-12T12:38:40Z,3.7,1.45,Cloudy
5,2024-02-06T02:22:17Z,29.76,55.24,Snowy
1,2024-02-23T14:59:50Z,-0.12,12.54,Snowy
6,2024-02-11T18:58:02Z,4.49,61.36,Sunny
7,2024-02-07T02:22:12Z,39.25,81.4,Sunny
5,2024-02-20T05:14:01Z,38.12,18.87,Rainy
